,volume,biomass,total biomass,agc,bgc,carbon,carbon pool
2020-12-31,4033.52337356567,14.9938325119244,69618.6134277418,2900.506657931146,29820.24165310822,32720.748311038646,7047.101280604469
